,loc,response_time,changedFiles,complexity_ratio
loc,1.0,0.043259881918805476,0.5179731663761049,-0.14193720099931517
response_time,0.043259881918805476,1.0,0.09004926205491967,-0.10975540736302009
changedFiles,0.5179731663761049,0.09004926205491967,1.0,0.11697273202955515
complexity_ratio,-0.14193720099931517,-0.10975540736302009,0.11697273202955515,1.0
